Current Question Code,New Question Code
4-NA-0101-0100F-001-1-00,3-NA-1203-0100F-001-1-00
4-NA-0101-0100F-002-1-00,3-NA-1203-0100F-002-1-00
4-NA-0101-0100F-003-1-00,3-NA-1203-0100F-003-1-00
4-NA-0101-0100F-004-1-00,3-NA-1103-0300F-004-1-00
4-NA-0101-0100F-005-1-00,3-NA-1103-0500F-005-1-00
4-NA-0101-0100F-006-1-00,4-NA-0101-0100F-006-1-00
4-NA-0101-0100F-007-1-00,3-NA-1103-0300F-007-1-00
4-NA-0101-0100F-008-1-00,4-NA-0101-0200F-008-1-00
4-NA-0101-0100F-009-1-00,3-NA-1103-0100F-009-1-00
4-NA-0101-0100F-010-1-00,3-NA-1103-0100F-010-1-00
4-NA-0102-0100F-001-1-00,4-NA-0102-0200F-011-1-00
4-NA-0102-0100F-002-1-00,4-NA-0102-0200F-012-1-00
4-NA-0102-0100F-003-1-00,4-NA-0102-0200F-013-1-00
4-NA-0102-0100F-004-1-00,4-NA-0102-0300F-014-1-00
4-NA-0102-0100F-005-1-00,4-NA-0107-0100N-015-1-00
4-NA-0106-0600F-001-1-00,4-NA-0103-0100F-016-1-00
4-NA-0106-0600F-002-1-00,4-NA-0106-0700N-017-1-00
4-NA-0106-0600F-003-1-00,4-NA-0101-0100F-018-1-00
4-NA-0106-0600F-004-1-00,4-NA-0101-0100F-019-1-00
4-NA-0106-0600F-005-1-00,4-NA-0104-0200F-020-1-00
4-NA-0106-0600F-006-1-00,4-NA-0104-0100F-021-1-00
4-NA-0106-0600F-007-1-00,4-NA-0104-0100F-022-1-00
4-NA-0106-0600F-008-1-00,4-NA-0104-0100F-023-1-00
4-NA-0105-0100F-001-1-00,4-NA-0105-0300F-024-1-00
4-NA-0105-0100F-002-1-00,4-NA-0105-0300F-025-1-00
4-NA-0105-0100F-003-1-00,4-NA-0105-0300F-026-1-00
4-NA-0105-0100F-004-1-00,4-NA-0105-0200F-027-1-00
4-NA-0105-0100F-005-1-00,4-NA-0105-0200F-028-1-00
4-NA-0105-0100F-006-1-00,4-NA-0105-0200F-029-1-00
4-NA-0106-0500F-001-1-00,4-NA-0103-0100F-030-1-00
4-NA-0106-0500F-002-1-00,4-NA-0106-0800F-031-1-00
4-NA-0106-0500F-003-1-00,4-NA-0106-0700F-032-1-00
4-NA-0106-0500F-004-1-00,4-NA-0106-0700F-033-1-00
4-NA-0106-0100F-001-1-00,4-NA-0106-0300F-034-1-00
4-NA-0106-0100F-002-1-00,4-NA-0106-0300F-035-1-00
4-NA-0106-0100F-003-1-00,4-NA-0106-0400F-036-1-00
4-NA-0106-0100F-004-1-00,4-NA-0106-0400F-037-1-00
4-NA-0106-0100F-005-1-00,4-NA-0106-0300F-038-1-00
4-NA-0106-0100F-006-1-00,4-NA-0106-0300F-039-1-00
4-NA-0107-0200N-001-1-00,4-NA-0107-0200N-040-1-00
4-NA-0107-0200N-002-1-00,4-NA-0107-0200N-041-1-00
4-NA-0107-0200N-003-1-00,4-NA-0107-0300N-042-1-00
4-NA-0107-0200N-004-1-00,4-NA-0107-0300N-043-1-00
4-NA-0109-0100N-001-1-00,4-NA-0108-0200F-044-1-00
4-NA-0109-0100N-002-1-00,4-NA-0108-0200F-045-1-00
4-NA-0109-0100N-003-1-00,4-NA-0108-0200F-046-1-00
4-NA-0109-0100N-004-1-00,4-NA-0108-0200F-047-1-00
4-NA-0109-0100N-005-1-00,4-NA-0109-0200N-048-1-00
4-NA-0109-0100N-006-1-00,4-NA-0109-0200N-049-1-00
4-NA-0109-0100N-007-1-00,4-NA-0109-0100N-050-1-00
4-NA-0109-0100N-008-1-00,4-NA-0109-0100N-051-1-00
4-NA-0109-0100N-009-1-00,4-NA-0109-0100N-052-1-00
4-NA-0109-0100N-010-1-00,4-NA-0109-0100N-053-1-00
4-NA-0109-0100N-011-1-00,4-NA-0109-0100N-054-1-00
4-NA-0101-0100F-001-2-00,3-NA-1203-0100F-001-2-00
4-NA-0101-0100F-002-2-00,3-NA-1203-0100F-002-2-00
4-NA-0101-0100F-003-2-00,3-NA-1203-0100F-003-2-00
4-NA-0101-0100F-004-2-00,3-NA-1103-0300F-004-2-00
4-NA-0101-0100F-005-2-00,3-NA-1103-0500F-005-2-00
4-NA-0101-0100F-006-2-00,4-NA-0101-0100F-006-2-00
4-NA-0101-0100F-007-2-00,3-NA-1103-0300F-007-2-00
4-NA-0101-0100F-008-2-00,4-NA-0101-0200F-008-2-00
4-NA-0101-0100F-009-2-00,3-NA-1103-0100F-009-2-00
4-NA-0101-0100F-010-2-00,3-NA-1103-0100F-010-2-00
4-NA-0102-0100F-001-2-00,4-NA-0101-0100F-011-2-00
4-NA-0102-0100F-002-2-00,4-NA-0102-0200F-012-2-00
4-NA-0102-0100F-003-2-00,4-NA-0102-0200F-013-2-00
4-NA-0102-0100F-004-2-00,4-NA-0102-0300F-014-2-00
4-NA-0102-0100F-005-2-00,4-NA-0107-0100N-015-2-00
4-NA-0106-0600F-001-2-00,4-NA-0103-0100F-016-2-00
4-NA-0106-0600F-002-2-00,4-NA-0106-0700N-017-2-00
4-NA-0106-0600F-003-2-00,4-NA-0101-0100F-018-2-00
4-NA-0106-0600F-004-2-00,4-NA-0101-0100F-019-2-00
4-NA-0106-0600F-005-2-00,4-NA-0104-0200F-020-2-00
4-NA-0106-0600F-006-2-00,4-NA-0104-0100F-021-2-00
4-NA-0106-0600F-007-2-00,4-NA-0104-0100F-022-2-00
4-NA-0106-0600F-008-2-00,4-NA-0104-0100F-023-2-00
4-NA-0105-0100F-001-2-00,4-NA-0105-0300F-024-2-00
4-NA-0105-0100F-002-2-00,4-NA-0105-0300F-025-2-00
4-NA-0105-0100F-003-2-00,4-NA-0105-0300F-026-2-00
4-NA-0105-0100F-004-2-00,4-NA-0105-0200F-027-2-00
4-NA-0105-0100F-005-2-00,4-NA-0105-0200F-028-2-00
4-NA-0105-0100F-006-2-00,4-NA-0105-0200F-029-2-00
4-NA-0106-0500F-001-2-00,4-NA-0103-0100F-030-2-00
4-NA-0106-0500F-002-2-00,4-NA-0106-0800F-031-2-00
4-NA-0106-0500F-003-2-00,4-NA-0106-0700F-032-2-00
4-NA-0106-0500F-004-2-00,4-NA-0106-0700F-033-2-00
4-NA-0106-0100F-001-2-00,4-NA-0106-0200F-034-2-00
4-NA-0106-0100F-002-2-00,4-NA-0106-0200F-035-2-00
4-NA-0106-0100F-003-2-00,4-NA-0106-0400F-036-2-00
4-NA-0106-0100F-004-2-00,4-NA-0106-0400F-037-2-00
4-NA-0106-0100F-005-2-00,4-NA-0106-0300F-038-2-00
4-NA-0106-0100F-006-2-00,4-NA-0106-0300F-039-2-00
4-NA-0107-0200N-001-2-00,4-NA-0107-0200N-040-2-00
4-NA-0107-0200N-002-2-00,4-NA-0107-0200N-041-2-00
4-NA-0107-0200N-003-2-00,4-NA-0107-0300N-042-2-00
4-NA-0107-0200N-004-2-00,4-NA-0107-0300N-043-2-00
4-NA-0109-0100N-001-2-00,4-NA-0108-0200F-044-2-00
4-NA-0109-0100N-002-2-00,4-NA-0108-0200F-045-2-00
4-NA-0109-0100N-003-2-00,4-NA-0108-0200F-046-2-00
4-NA-0109-0100N-004-2-00,4-NA-0108-0200F-047-2-00
4-NA-0109-0100N-005-2-00,4-NA-0109-0200N-048-2-00
4-NA-0109-0100N-006-2-00,4-NA-0109-0200N-049-2-00
4-NA-0109-0100N-007-2-00,4-NA-0109-0100N-050-2-00
4-NA-0109-0100N-008-2-00,4-NA-0109-0100N-051-2-00
4-NA-0109-0100N-009-2-00,4-NA-0109-0100N-052-2-00
4-NA-0109-0100N-010-2-00,4-NA-0109-0100N-053-2-00
4-NA-0109-0100N-011-2-00,4-NA-0109-0100N-054-2-00
4-NA-0101-0100F-001-3-00,3-NA-1203-0100F-001-3-00
4-NA-0101-0100F-002-3-00,3-NA-1203-0100F-002-3-00
4-NA-0101-0100F-003-3-00,3-NA-1203-0100F-003-3-00
4-NA-0101-0100F-004-3-00,3-NA-1103-0300F-004-3-00
4-NA-0101-0100F-005-3-00,3-NA-1103-0500F-005-3-00
4-NA-0101-0100F-006-3-00,4-NA-0101-0100F-006-3-00
4-NA-0101-0100F-007-3-00,3-NA-1103-0300F-007-3-00
4-NA-0101-0100F-008-3-00,4-NA-0101-0200F-008-3-00
4-NA-0101-0100F-009-3-00,4-NA-0101-0100F-009-3-00
4-NA-0101-0100F-010-3-00,4-NA-0101-0100F-010-3-00
4-NA-0102-0100F-001-3-00,4-NA-0101-0100F-011-3-00
4-NA-0102-0100F-002-3-00,4-NA-0102-0200F-012-3-00
4-NA-0102-0100F-003-3-00,4-NA-0102-0200F-013-3-00
4-NA-0102-0100F-004-3-00,4-NA-0102-0300F-014-3-00
4-NA-0102-0100F-005-3-00,4-NA-0107-0100N-015-3-00
4-NA-0106-0600F-001-3-00,4-NA-0103-0100F-016-3-00
4-NA-0106-0600F-002-3-00,4-NA-0106-0700N-017-3-00
4-NA-0106-0600F-003-3-00,4-NA-0101-0100F-018-3-00
4-NA-0106-0600F-004-3-00,4-NA-0101-0100F-019-3-00
4-NA-0106-0600F-005-3-00,4-NA-0104-0200F-020-3-00
4-NA-0106-0600F-006-3-00,4-NA-0104-0100F-021-3-00
4-NA-0106-0600F-007-3-00,4-NA-0104-0100F-022-3-00
4-NA-0106-0600F-008-3-00,4-NA-0104-0100F-023-3-00
4-NA-0105-0100F-001-3-00,4-NA-0105-0300F-024-3-00
4-NA-0105-0100F-002-3-00,4-NA-0105-0300F-025-3-00
4-NA-0105-0100F-003-3-00,4-NA-0105-0300F-026-3-00
4-NA-0105-0100F-004-3-00,4-NA-0105-0200F-027-3-00
4-NA-0105-0100F-005-3-00,4-NA-0105-0200F-028-3-00
4-NA-0105-0100F-006-3-00,4-NA-0105-0200F-029-3-00
4-NA-0106-0500F-001-3-00,4-NA-0103-0100F-030-3-00
4-NA-0106-0500F-002-3-00,4-NA-0106-0800F-031-3-00
4-NA-0106-0500F-003-3-00,4-NA-0106-0700F-032-3-00
4-NA-0106-0500F-004-3-00,4-NA-0106-0700F-033-3-00
4-NA-0106-0100F-001-3-00,4-NA-0106-0200F-034-3-00
4-NA-0106-0100F-002-3-00,4-NA-0106-0200F-035-3-00
4-NA-0106-0100F-003-3-00,4-NA-0106-0400F-036-3-00
4-NA-0106-0100F-004-3-00,4-NA-0106-0400F-037-3-00
4-NA-0106-0100F-005-3-00,4-NA-0106-0300F-038-3-00
4-NA-0106-0100F-006-3-00,4-NA-0106-0300F-039-3-00
4-NA-0107-0200N-001-3-00,4-NA-0107-0200N-040-3-00
4-NA-0107-0200N-002-3-00,4-NA-0107-0200N-041-3-00
4-NA-0107-0200N-003-3-00,4-NA-0107-0300N-042-3-00
4-NA-0107-0200N-004-3-00,4-NA-0107-0300N-043-3-00
4-NA-0109-0100N-001-3-00,4-NA-0108-0200F-044-3-00
4-NA-0109-0100N-002-3-00,4-NA-0108-0200F-045-3-00
4-NA-0109-0100N-003-3-00,4-NA-0108-0200F-046-3-00
4-NA-0109-0100N-004-3-00,4-NA-0108-0200F-047-3-00
4-NA-0109-0100N-005-3-00,4-NA-0109-0200N-048-3-00
4-NA-0109-0100N-006-3-00,4-NA-0109-0200N-049-3-00
4-NA-0109-0100N-007-3-00,4-NA-0109-0100N-050-3-00
4-NA-0109-0100N-008-3-00,4-NA-0109-0100N-051-3-00
4-NA-0109-0100N-009-3-00,4-NA-0109-0100N-052-3-00
4-NA-0109-0100N-010-3-00,4-NA-0109-0100N-053-3-00
4-NA-0109-0100N-011-3-00,4-NA-0109-0100N-054-3-00
4-NA-0302-0100N-001-1-00,3-NA-1001-0100F-001-1-00
4-NA-0302-0100N-002-1-00,3-NA-1001-0100F-002-1-00
4-NA-0302-0100N-003-1-00,3-NA-1001-0100F-003-1-00
4-NA-0302-0100N-004-1-00,3-NA-1002-0200F-004-1-00
4-NA-0302-0100N-005-1-00,3-NA-1001-0100F-005-1-00
4-NA-0302-0100N-006-1-00,3-NA-1002-0200F-006-1-00
4-NA-0302-0100N-007-1-00,3-NA-1002-0300F-007-1-00
4-NA-0302-0100N-008-1-00,3-NA-1002-0300F-008-1-00
4-NA-0302-0100N-009-1-00,3-NA-0401-0100F-009-1-00
4-NA-0302-0100N-010-1-00,4-NA-0301-0300N-010-1-00
4-NA-0302-0100N-011-1-00,4-NA-0301-0200N-011-1-00
4-NA-0302-0100N-012-1-00,4-NA-0301-0100N-012-1-00
4-NA-0302-0100N-013-1-00,4-NA-0301-0100N-013-1-00
4-NA-0303-0100N-001-1-00,4-NA-0303-0200N-014-1-00
4-NA-0303-0100N-002-1-00,4-NA-0303-0200N-015-1-00
4-NA-0303-0100N-003-1-00,4-NA-0303-0600N-016-1-00
4-NA-0303-0100N-004-1-00,4-NA-0303-0600N-017-1-00
4-NA-0303-0100N-005-1-00,4-NA-0303-0500N-018-1-00
4-NA-0303-0100N-006-1-00,4-NA-0303-0500N-019-1-00
4-NA-0303-0100N-007-1-00,4-NA-0303-0500N-020-1-00
4-NA-0303-0100N-008-1-00,4-NA-0303-0500N-021-1-00
4-NA-0303-0100N-009-1-00,4-NA-0303-0300N-022-1-00
4-NA-0303-0100N-010-1-00,4-NA-0303-0300N-023-1-00
4-NA-0303-0100N-011-1-00,4-NA-0303-0300N-024-1-00
4-NA-0303-0100N-012-1-00,4-NA-0303-0400N-025-1-00
4-NA-0303-0100N-013-1-00,4-NA-0303-0400N-026-1-00
4-NA-0304-0100N-001-1-00,4-NA-0304-0600N-027-1-00
4-NA-0304-0100N-002-1-00,4-NA-0304-0200N-028-1-00
4-NA-0304-0100N-003-1-00,4-NA-0304-0200N-029-1-00
4-NA-0304-0100N-004-1-00,4-NA-0304-0500N-030-1-00
4-NA-0304-0100N-005-1-00,4-NA-0304-0500N-031-1-00
4-NA-0304-0100N-006-1-00,4-NA-0304-0500N-032-1-00
4-NA-0304-0100N-007-1-00,4-NA-0304-0300N-033-1-00
4-NA-0304-0100N-008-1-00,4-NA-0304-0100N-034-1-00
4-NA-0304-0100N-009-1-00,4-NA-0304-0400N-035-1-00
4-NA-0304-0100N-010-1-00,4-NA-0304-0400N-036-1-00
4-NA-0305-0400N-001-1-00,4-NA-0303-0100N-037-1-00
4-NA-0305-0400N-002-1-00,4-NA-0303-0100N-038-1-00
4-NA-0305-0400N-003-1-00,4-NA-0303-0100N-039-1-00
4-NA-0305-0400N-004-1-00,4-NA-0303-0100N-040-1-00
4-NA-0306-0100N-001-1-00,4-NA-0305-0200N-041-1-00
4-NA-0306-0100N-002-1-00,4-NA-0305-0200N-042-1-00
4-NA-0306-0100N-003-1-00,4-NA-0305-0400N-043-1-00
4-NA-0306-0100N-004-1-00,4-NA-0305-0400N-044-1-00
4-NA-0306-0100N-005-1-00,4-NA-0305-0200N-045-1-00
4-NA-0306-0100N-006-1-00,4-NA-0305-0200N-046-1-00
4-NA-0306-0100N-007-1-00,4-NA-0306-0300N-047-1-00
4-NA-0306-0100N-008-1-00,4-NA-0306-0200N-048-1-00
4-NA-0306-0100N-009-1-00,4-NA-0306-0400N-049-1-00
4-NA-0306-0100N-010-1-00,4-NA-0306-0400N-050-1-00
4-NA-0306-0100N-011-1-00,4-NA-0306-0500N-051-1-00
4-NA-0302-0100N-001-2-00,3-NA-1002-0300F-001-2-00
4-NA-0302-0100N-002-2-00,3-NA-1002-0300F-002-2-00
4-NA-0302-0100N-003-2-00,3-NA-1001-0100F-003-2-00
4-NA-0302-0100N-004-2-00,3-NA-1001-0100F-004-2-00
4-NA-0302-0100N-005-2-00,3-NA-1002-0300F-005-2-00
4-NA-0302-0100N-006-2-00,3-NA-1002-0300F-006-2-00
4-NA-0302-0100N-007-2-00,3-NA-1002-0300F-007-2-00
4-NA-0302-0100N-008-2-00,3-NA-1002-0300F-008-2-00
4-NA-0302-0100N-009-2-00,4-NA-0301-0300N-009-2-00
4-NA-0302-0100N-010-2-00,4-NA-0301-0300N-010-2-00
4-NA-0302-0100N-011-2-00,4-NA-0301-0200N-011-2-00
4-NA-0302-0100N-012-2-00,4-NA-0301-0100N-012-2-00
4-NA-0302-0100N-013-2-00,4-NA-0301-0100N-013-2-00
4-NA-0303-0100N-001-2-00,4-NA-0303-0200N-014-2-00
4-NA-0303-0100N-002-2-00,4-NA-0303-0200N-015-2-00
4-NA-0303-0100N-003-2-00,4-NA-0303-0600N-016-2-00
4-NA-0303-0100N-004-2-00,4-NA-0303-0600N-017-2-00
4-NA-0303-0100N-005-2-00,4-NA-0303-0500N-018-2-00
4-NA-0303-0100N-006-2-00,4-NA-0303-0500N-019-2-00
4-NA-0303-0100N-007-2-00,4-NA-0303-0500N-020-2-00
4-NA-0303-0100N-008-2-00,4-NA-0303-0500N-021-2-00
4-NA-0303-0100N-009-2-00,4-NA-0303-0300N-022-2-00
4-NA-0303-0100N-010-2-00,4-NA-0303-0300N-023-2-00
4-NA-0303-0100N-011-2-00,4-NA-0303-0300N-024-2-00
4-NA-0303-0100N-012-2-00,4-NA-0303-0400N-025-2-00
4-NA-0303-0100N-013-2-00,4-NA-0303-0400N-026-2-00
4-NA-0304-0100N-001-2-00,4-NA-0304-0600N-027-2-00
4-NA-0304-0100N-002-2-00,4-NA-0304-0200N-028-2-00
4-NA-0304-0100N-003-2-00,4-NA-0304-0200N-029-2-00
4-NA-0304-0100N-004-2-00,4-NA-0304-0500N-030-2-00
4-NA-0304-0100N-005-2-00,4-NA-0304-0500N-031-2-00
4-NA-0304-0100N-006-2-00,4-NA-0304-0500N-032-2-00
4-NA-0304-0100N-007-2-00,4-NA-0304-0300N-033-2-00
4-NA-0304-0100N-008-2-00,4-NA-0304-0100N-034-2-00
4-NA-0304-0100N-009-2-00,4-NA-0304-0400N-035-2-00
4-NA-0305-0400N-001-2-00,4-NA-0303-0100N-036-2-00
4-NA-0305-0400N-002-2-00,4-NA-0303-0100N-037-2-00
4-NA-0305-0400N-003-2-00,4-NA-0303-0100N-038-2-00
4-NA-0305-0400N-004-2-00,4-NA-0303-0100N-039-2-00
4-NA-0305-0400N-005-2-00,4-NA-0304-0500N-040-2-00
4-NA-0306-0100N-001-2-00,4-NA-0305-0200N-041-2-00
4-NA-0306-0100N-002-2-00,4-NA-0305-0200N-042-2-00
4-NA-0306-0100N-003-2-00,4-NA-0305-0400N-043-2-00
4-NA-0306-0100N-004-2-00,4-NA-0305-0400N-044-2-00
4-NA-0306-0100N-005-2-00,4-NA-0305-0200N-045-2-00
4-NA-0306-0100N-006-2-00,4-NA-0305-0200N-046-2-00
4-NA-0306-0100N-007-2-00,4-NA-0306-0300N-047-2-00
4-NA-0306-0100N-008-2-00,4-NA-0306-0300N-048-2-00
4-NA-0306-0100N-009-2-00,4-NA-0306-0200N-049-2-00
4-NA-0306-0100N-010-2-00,4-NA-0306-0200N-050-2-00
4-NA-0306-0100N-011-2-00,4-NA-0306-0400N-051-2-00
4-NA-0306-0100N-012-2-00,4-NA-0306-0400N-052-2-00
4-NA-0306-0100N-013-2-00,4-NA-0306-0400N-053-2-00
4-NA-0306-0100N-014-2-00,4-NA-0306-0500N-054-2-00
4-NA-0302-0100N-001-3-00,3-NA-1002-0200F-001-3-00
4-NA-0302-0100N-002-3-00,3-NA-1002-0300F-002-3-00
4-NA-0302-0100N-003-3-00,3-NA-1002-0300F-003-3-00
4-NA-0302-0100N-004-3-00,3-NA-1002-0300F-004-3-00
4-NA-0302-0100N-005-3-00,3-NA-1002-0300F-005-3-00
4-NA-0302-0100N-006-3-00,3-NA-1002-0300F-006-3-00
4-NA-0302-0100N-007-3-00,3-NA-1002-0300F-007-3-00
4-NA-0302-0100N-008-3-00,3-NA-1002-0300F-008-3-00
4-NA-0302-0100N-009-3-00,4-NA-0301-0300N-009-3-00
4-NA-0302-0100N-010-3-00,4-NA-0301-0300N-010-3-00
4-NA-0302-0100N-011-3-00,4-NA-0301-0200N-011-3-00
4-NA-0302-0100N-012-3-00,4-NA-0301-0100N-012-3-00
4-NA-0302-0100N-013-3-00,4-NA-0301-0100N-013-3-00
4-NA-0303-0100N-001-3-00,4-NA-0303-0200N-014-3-00
4-NA-0303-0100N-002-3-00,4-NA-0303-0200N-015-3-00
4-NA-0303-0100N-003-3-00,4-NA-0303-0600N-016-3-00
4-NA-0303-0100N-004-3-00,4-NA-0303-0600N-017-3-00
4-NA-0303-0100N-005-3-00,4-NA-0303-0500N-018-3-00
4-NA-0303-0100N-006-3-00,4-NA-0303-0500N-019-3-00
4-NA-0303-0100N-007-3-00,4-NA-0303-0500N-020-3-00
4-NA-0303-0100N-008-3-00,4-NA-0303-0500N-021-3-00
4-NA-0303-0100N-009-3-00,4-NA-0303-0300N-022-3-00
4-NA-0303-0100N-010-3-00,4-NA-0303-0300N-023-3-00
4-NA-0303-0100N-011-3-00,4-NA-0303-0300N-024-3-00
4-NA-0303-0100N-012-3-00,4-NA-0303-0400N-025-3-00
4-NA-0303-0100N-013-3-00,4-NA-0303-0400N-026-3-00
4-NA-0304-0100N-001-3-00,4-NA-0304-0600N-027-3-00
4-NA-0304-0100N-002-3-00,4-NA-0304-0200N-028-3-00
4-NA-0304-0100N-003-3-00,4-NA-0304-0200N-029-3-00
4-NA-0304-0100N-004-3-00,4-NA-0304-0500N-030-3-00
4-NA-0304-0100N-005-3-00,4-NA-0304-0500N-031-3-00
4-NA-0304-0100N-006-3-00,4-NA-0304-0500N-032-3-00
4-NA-0304-0100N-007-3-00,4-NA-0304-0300N-033-3-00
4-NA-0304-0100N-008-3-00,4-NA-0304-0100N-034-3-00
4-NA-0304-0100N-009-3-00,4-NA-0304-0400N-035-3-00
4-NA-0305-0400N-001-3-00,4-NA-0303-0100N-036-3-00
4-NA-0305-0400N-002-3-00,4-NA-0303-0100N-037-3-00
4-NA-0305-0400N-003-3-00,4-NA-0303-0100N-038-3-00
4-NA-0305-0400N-004-3-00,4-NA-0303-0100N-039-3-00
4-NA-0305-0400N-005-3-00,4-NA-0304-0500N-040-3-00
4-NA-0306-0100N-001-3-00,4-NA-0305-0200N-041-3-00
4-NA-0306-0100N-002-3-00,4-NA-0305-0200N-042-3-00
4-NA-0306-0100N-003-3-00,4-NA-0305-0400N-043-3-00
4-NA-0306-0100N-004-3-00,4-NA-0305-0400N-044-3-00
4-NA-0306-0100N-005-3-00,4-NA-0305-0200N-045-3-00
4-NA-0306-0100N-006-3-00,4-NA-0305-0200N-046-3-00
4-NA-0306-0100N-007-3-00,4-NA-0306-0300N-047-3-00
4-NA-0306-0100N-008-3-00,4-NA-0306-0300N-048-3-00
4-NA-0306-0100N-009-3-00,4-NA-0306-0200N-049-3-00
4-NA-0306-0100N-010-3-00,4-NA-0306-0200N-050-3-00
4-NA-0306-0100N-011-3-00,4-NA-0306-0400N-051-3-00
4-NA-0306-0100N-012-3-00,4-NA-0306-0400N-052-3-00
4-NA-0306-0100N-013-3-00,4-NA-0306-0400N-053-3-00
4-NA-0306-0100N-014-3-00,4-NA-0306-0500N-054-3-00
4-NA-0401-0100F-001-1-00,3-NA-1102-0100F-001-1-00
4-NA-0401-0100F-002-1-00,3-NA-1102-0100F-002-1-00
4-NA-0401-0100F-003-1-00,3-NA-1102-0100F-003-1-00
4-NA-0401-0100F-004-1-00,3-NA-1102-0100F-004-1-00
4-NA-0401-0100F-005-1-00,4-NA-0401-0200F-005-1-00
4-NA-0401-0100F-006-1-00,4-NA-0401-0200F-006-1-00
4-NA-0401-0100F-007-1-00,4-NA-0401-0300F-007-1-00
4-NA-0401-0100F-008-1-00,4-NA-0401-0300F-008-1-00
4-NA-0401-0100F-009-1-00,4-NA-0401-0400F-009-1-00
4-NA-0401-0100F-010-1-00,4-NA-0401-0400F-010-1-00
4-NA-0401-0100F-011-1-00,4-NA-0401-0500F-011-1-00
4-NA-0401-0100F-012-1-00,4-NA-0401-0500F-012-1-00
4-NA-0401-0100F-013-1-00,4-NA-0401-0500F-013-1-00
4-NA-0401-0100F-014-1-00,4-NA-0401-0500F-014-1-00
4-NA-0402-0100F-001-1-00,4-NA-0402-0200F-015-1-00
4-NA-0402-0100F-002-1-00,4-NA-0402-0200F-016-1-00
4-NA-0402-0100F-003-1-00,4-NA-0402-0200F-017-1-00
4-NA-0402-0100F-004-1-00,4-NA-0402-0200F-018-1-00
4-NA-0402-0100F-005-1-00,4-NA-0402-0200F-019-1-00
4-NA-0402-0100F-006-1-00,4-NA-0402-0300F-020-1-00
4-NA-0402-0100F-007-1-00,4-NA-0402-0300F-021-1-00
4-NA-0402-0100F-008-1-00,4-NA-0402-0300F-022-1-00
4-NA-0402-0100F-009-1-00,4-NA-0402-0300F-023-1-00
4-NA-0403-0100F-001-1-00,4-NA-0403-0400F-024-1-00
4-NA-0403-0100F-002-1-00,4-NA-0403-0400F-025-1-00
4-NA-0403-0100F-003-1-00,4-NA-0403-0300F-026-1-00
4-NA-0403-0100F-004-1-00,4-NA-0403-0300F-027-1-00
4-NA-0403-0100F-005-1-00,4-NA-0403-0300F-028-1-00
4-NA-0403-0100F-006-1-00,4-NA-0403-0300F-029-1-00
4-NA-0403-0100F-007-1-00,4-NA-0403-0400F-030-1-00
4-NA-0403-0100F-008-1-00,4-NA-0403-0300F-031-1-00
4-NA-0403-0200F-001-1-00,3-NA-1103-0500F-032-1-00
4-NA-0403-0200F-002-1-00,3-NA-1103-0500F-033-1-00
4-NA-0403-0200F-003-1-00,3-NA-1103-0500F-034-1-00
4-NA-0403-0200F-004-1-00,4-NA-0403-0400F-035-1-00
4-NA-0403-0200F-005-1-00,4-NA-0401-0100F-036-1-00
4-NA-0403-0200F-006-1-00,4-NA-0403-0200F-037-1-00
4-NA-0403-0200F-007-1-00,4-NA-0403-0200F-038-1-00
4-NA-0403-0200F-008-1-00,4-NA-0403-0400F-039-1-00
4-NA-0404-0100N-001-1-00,4-NA-0404-0200N-040-1-00
4-NA-0404-0100N-002-1-00,4-NA-0404-0200N-041-1-00
4-NA-0404-0100N-003-1-00,4-NA-0404-0200N-042-1-00
4-NA-0404-0100N-004-1-00,4-NA-0404-0200N-043-1-00
4-NA-0404-0100N-005-1-00,4-NA-0404-0200N-044-1-00
4-NA-0404-0100N-006-1-00,4-NA-0404-0200N-045-1-00
4-NA-0404-0100N-007-1-00,4-NA-0404-0200N-046-1-00
4-NA-0404-0100N-008-1-00,4-NA-0404-0200N-047-1-00
4-NA-0404-0100N-009-1-00,4-NA-0404-0300N-048-1-00
4-NA-0404-0100N-010-1-00,4-NA-0404-0300N-049-1-00
4-NA-0405-0100N-001-1-00,3-NA-1301-0100F-050-1-00
4-NA-0405-0100N-002-1-00,3-NA-1301-0100F-051-1-00
4-NA-0405-0100N-003-1-00,3-NA-1301-0100F-052-1-00
4-NA-0405-0100N-004-1-00,4-NA-0405-0100N-053-1-00
4-NA-0405-0100N-005-1-00,4-NA-0405-0100N-054-1-00
4-NA-0401-0100F-001-2-00,3-NA-1102-0100F-001-2-00
4-NA-0401-0100F-002-2-00,3-NA-1102-0100F-002-2-00
4-NA-0401-0100F-003-2-00,3-NA-1102-0100F-003-2-00
4-NA-0401-0100F-004-2-00,3-NA-1102-0100F-004-2-00
4-NA-0401-0100F-005-2-00,4-NA-0401-0200F-005-2-00
4-NA-0401-0100F-006-2-00,4-NA-0401-0200F-006-2-00
4-NA-0401-0100F-007-2-00,4-NA-0401-0300F-007-2-00
4-NA-0401-0100F-008-2-00,4-NA-0401-0300F-008-2-00
4-NA-0401-0100F-009-2-00,4-NA-0401-0400F-009-2-00
4-NA-0401-0100F-010-2-00,4-NA-0401-0400F-010-2-00
4-NA-0401-0100F-011-2-00,4-NA-0401-0500F-011-2-00
4-NA-0401-0100F-012-2-00,4-NA-0401-0500F-012-2-00
4-NA-0401-0100F-013-2-00,4-NA-0401-0500F-013-2-00
4-NA-0401-0100F-014-2-00,4-NA-0401-0500F-014-2-00
4-NA-0402-0100F-001-2-00,4-NA-0402-0200F-015-2-00
4-NA-0402-0100F-002-2-00,4-NA-0402-0200F-016-2-00
4-NA-0402-0100F-003-2-00,4-NA-0402-0200F-017-2-00
4-NA-0402-0100F-004-2-00,4-NA-0402-0200F-018-2-00
4-NA-0402-0100F-005-2-00,4-NA-0402-0200F-019-2-00
4-NA-0402-0100F-006-2-00,4-NA-0402-0200F-020-2-00
4-NA-0402-0100F-007-2-00,4-NA-0402-0300F-021-2-00
4-NA-0402-0100F-008-2-00,4-NA-0402-0300F-022-2-00
4-NA-0402-0100F-009-2-00,4-NA-0402-0300F-023-2-00
4-NA-0402-0100F-010-2-00,4-NA-0402-0300F-024-2-00
4-NA-0403-0100F-001-2-00,4-NA-0403-0400F-025-2-00
4-NA-0403-0100F-002-2-00,4-NA-0403-0400F-026-2-00
4-NA-0403-0100F-003-2-00,4-NA-0403-0300F-027-2-00
4-NA-0403-0100F-004-2-00,4-NA-0403-0300F-028-2-00
4-NA-0403-0100F-005-2-00,4-NA-0403-0300F-029-2-00
4-NA-0403-0100F-006-2-00,4-NA-0403-0300F-030-2-00
4-NA-0403-0100F-007-2-00,4-NA-0403-0400F-031-2-00
4-NA-0403-0100F-008-2-00,4-NA-0403-0300F-032-2-00
4-NA-0403-0200F-001-2-00,3-NA-1103-0500F-033-2-00
4-NA-0403-0200F-002-2-00,3-NA-1103-0500F-034-2-00
4-NA-0403-0200F-003-2-00,4-NA-0401-0100F-035-2-00
4-NA-0403-0200F-004-2-00,4-NA-0403-0400-036-2-00
4-NA-0403-0200F-005-2-00,4-NA-0401-0100-037-2-00
4-NA-0403-0200F-006-2-00,4-NA-0403-0400-038-2-00
4-NA-0403-0200F-007-2-00,4-NA-0403-0400-039-2-00
4-NA-0404-0100N-001-2-00,4-NA-0404-0200N-040-2-00
4-NA-0404-0100N-002-2-00,4-NA-0404-0200N-041-2-00
4-NA-0404-0100N-003-2-00,4-NA-0404-0200N-042-2-00
4-NA-0404-0100N-004-2-00,4-NA-0404-0200N-043-2-00
4-NA-0404-0100N-005-2-00,4-NA-0404-0200N-044-2-00
4-NA-0404-0100N-006-2-00,4-NA-0404-0200N-045-2-00
4-NA-0404-0100N-007-2-00,4-NA-0404-0200N-046-2-00
4-NA-0404-0100N-008-2-00,4-NA-0404-0300N-047-2-00
4-NA-0404-0100N-009-2-00,4-NA-0404-0300N-048-2-00
4-NA-0405-0100N-001-2-00,4-NA-0405-0100N-049-2-00
4-NA-0405-0100N-002-2-00,4-NA-0405-0100N-050-2-00
4-NA-0405-0100N-003-2-00,4-NA-0405-0100N-051-2-00
4-NA-0405-0100N-004-2-00,4-NA-0405-0100N-052-2-00
4-NA-0401-0100F-001-3-00,3-NA-1102-0100F-001-3-00
4-NA-0401-0100F-002-3-00,3-NA-1102-0100F-002-3-00
4-NA-0401-0100F-003-3-00,3-NA-1102-0100F-003-3-00
4-NA-0401-0100F-004-3-00,3-NA-1102-0100F-004-3-00
4-NA-0401-0100F-005-3-00,4-NA-0401-0200F-005-3-00
4-NA-0401-0100F-006-3-00,4-NA-0401-0200F-006-3-00
4-NA-0401-0100F-007-3-00,4-NA-0401-0300F-007-3-00
4-NA-0401-0100F-008-3-00,4-NA-0401-0300F-008-3-00
4-NA-0401-0100F-009-3-00,4-NA-0401-0400F-009-3-00
4-NA-0401-0100F-010-3-00,4-NA-0401-0400F-010-3-00
4-NA-0401-0100F-011-3-00,4-NA-0401-0500F-011-3-00
4-NA-0401-0100F-012-3-00,4-NA-0401-0500F-012-3-00
4-NA-0401-0100F-013-3-00,4-NA-0401-0500F-013-3-00
4-NA-0401-0100F-014-3-00,4-NA-0401-0500F-014-3-00
4-NA-0402-0100F-001-3-00,4-NA-0402-0200F-015-3-00
4-NA-0402-0100F-002-3-00,4-NA-0402-0200F-016-3-00
4-NA-0402-0100F-003-3-00,4-NA-0402-0200F-017-3-00
4-NA-0402-0100F-004-3-00,4-NA-0402-0200F-018-3-00
4-NA-0402-0100F-005-3-00,4-NA-0402-0200F-019-3-00
4-NA-0402-0100F-006-3-00,4-NA-0402-0200F-020-3-00
4-NA-0402-0100F-007-3-00,4-NA-0402-0300F-021-3-00
4-NA-0402-0100F-008-3-00,4-NA-0402-0300F-022-3-00
4-NA-0402-0100F-009-3-00,4-NA-0402-0300F-023-3-00
4-NA-0402-0100F-010-3-00,4-NA-0402-0300F-024-3-00
4-NA-0403-0100F-001-3-00,4-NA-0403-0400F-025-3-00
4-NA-0403-0100F-002-3-00,4-NA-0403-0400F-026-3-00
4-NA-0403-0100F-003-3-00,4-NA-0403-0300F-027-3-00
4-NA-0403-0100F-004-3-00,4-NA-0403-0300F-028-3-00
4-NA-0403-0100F-005-3-00,4-NA-0403-0300F-029-3-00
4-NA-0403-0100F-006-3-00,4-NA-0403-0300F-030-3-00
4-NA-0403-0100F-007-3-00,4-NA-0403-0300F-031-3-00
4-NA-0403-0100F-008-3-00,4-NA-0403-0300F-032-3-00
4-NA-0403-0200F-001-3-00,3-NA-1103-0500F-033-3-00
4-NA-0403-0200F-002-3-00,3-NA-1103-0500F-034-3-00
4-NA-0403-0200F-003-3-00,4-NA-0401-0100F-035-3-00
4-NA-0403-0200F-004-3-00,4-NA-0401-0100-036-3-00
4-NA-0403-0200F-005-3-00,4-NA-0401-0100F-037-3-00
4-NA-0403-0200F-006-3-00,4-NA-0401-0100F-038-3-00
4-NA-0403-0200F-007-3-00,4-NA-0401-0100F-039-3-00
4-NA-0404-0100N-001-3-00,4-NA-0404-0200N-040-3-00
4-NA-0404-0100N-002-3-00,4-NA-0404-0200N-041-3-00
4-NA-0404-0100N-003-3-00,4-NA-0404-0200N-042-3-00
4-NA-0404-0100N-004-3-00,4-NA-0404-0200N-043-3-00
4-NA-0404-0100N-005-3-00,4-NA-0404-0200N-044-3-00
4-NA-0404-0100N-006-3-00,4-NA-0404-0200N-045-3-00
4-NA-0404-0100N-007-3-00,4-NA-0404-0200N-046-3-00
4-NA-0404-0100N-008-3-00,4-NA-0404-0300N-047-3-00
4-NA-0404-0100N-009-3-00,4-NA-0404-0300N-048-3-00
4-NA-0405-0100N-001-3-00,4-NA-0405-0100N-049-3-00
4-NA-0405-0100N-002-3-00,4-NA-0405-0100N-050-3-00
4-NA-0405-0100N-003-3-00,4-NA-0405-0100N-051-3-00
4-NA-0405-0100N-004-3-00,4-NA-0405-0100N-052-3-00
4-NA-0501-0100N-001-1-00,4-NA-0501-0200N-001-1-00
4-NA-0501-0100N-002-1-00,4-NA-0501-0200N-002-1-00
4-NA-0501-0100N-003-1-00,4-NA-0501-0100N-003-1-00
4-NA-0501-0100N-004-1-00,4-NA-0501-0200N-004-1-00
4-NA-0502-0100N-001-1-00,3-NA-0903-0100F-005-1-00
4-NA-0502-0100N-002-1-00,3-NA-0903-0100F-006-1-00
4-NA-0502-0100N-003-1-00,4-NA-0106-0600F-007-1-00
4-NA-0502-0100N-004-1-00,4-NA-0106-0600F-008-1-00
4-NA-0502-0100N-005-1-00,4-NA-0106-0600F-009-1-00
4-NA-0502-0100N-006-1-00,4-NA-0106-0500F-010-1-00
4-NA-0502-0100N-007-1-00,4-NA-0106-0500F-011-1-00
4-NA-0502-0100N-008-1-00,4-NA-0106-0500F-012-1-00
4-NA-0503-0100N-001-1-00,4-NA-0503-0200N-013-1-00
4-NA-0503-0100N-002-1-00,4-NA-0503-0200N-014-1-00
4-NA-0503-0100N-003-1-00,4-NA-0503-0200N-015-1-00
4-NA-0503-0100N-004-1-00,4-NA-0503-0200N-016-1-00
4-NA-0503-0100N-005-1-00,4-NA-0503-0200N-017-1-00
4-NA-0503-0100N-006-1-00,4-NA-0503-0300N-018-1-00
4-NA-0503-0100N-007-1-00,4-NA-0503-0300N-019-1-00
4-NA-0503-0100N-008-1-00,4-NA-0503-0300N-020-1-00
4-NA-0503-0100N-009-1-00,4-NA-0503-0400N-021-1-00
4-NA-0503-0100N-010-1-00,4-NA-0503-0400N-022-1-00
4-NA-0503-0100N-011-1-00,4-NA-0503-0400N-023-1-00
4-NA-0503-0100N-012-1-00,4-NA-0503-0500N-024-1-00
4-NA-0503-0100N-013-1-00,4-NA-0503-0500N-025-1-00
4-NA-0503-0100N-014-1-00,4-NA-0503-0500N-026-1-00
4-NA-0504-0100N-001-1-00,4-NA-0502-0100N-027-1-00
4-NA-0504-0100N-002-1-00,4-NA-0502-0100N -028-1-00
4-NA-0504-0100N-003-1-00,4-NA-0502-0100N -029-1-00
4-NA-0504-0100N-004-1-00,4-NA-0502-0100N -030-1-00
4-NA-0504-0100N-005-1-00,4-NA-0503-0200N-031-1-00
4-NA-0504-0100N-006-1-00,4-NA-0503-0200N-032-1-00
4-NA-0501-0100N-001-2-00,4-NA-0501-0100N-001-2-00
4-NA-0501-0100N-002-2-00,4-NA-0501-0100N-002-2-00
4-NA-0501-0100N-003-2-00,4-NA-0501-0200N-003-2-00
4-NA-0501-0100N-004-2-00,4-NA-0501-0200N-004-2-00
4-NA-0502-0100N-001-2-00,3-NA-0903-0100F-005-2-00
4-NA-0502-0100N-002-2-00,3-NA-0903-0100F-006-2-00
4-NA-0502-0100N-003-2-00,4-NA-0106-0600F-007-2-00
4-NA-0502-0100N-004-2-00,4-NA-0106-0600F-008-2-00
4-NA-0502-0100N-005-2-00,4-NA-0106-0600F-009-2-00
4-NA-0502-0100N-006-2-00,4-NA-0106-0500F-010-2-00
4-NA-0502-0100N-007-2-00,4-NA-0106-0500F-011-2-00
4-NA-0502-0100N-008-2-00,4-NA-0106-0500F-012-2-00
4-NA-0502-0100N-009-2-00,4-NA-0106-0600F-013-2-00
4-NA-0503-0100N-001-2-00,4-NA-0503-0200N-014-2-00
4-NA-0503-0100N-002-2-00,4-NA-0503-0200N-015-2-00
4-NA-0503-0100N-003-2-00,4-NA-0503-0200N-016-2-00
4-NA-0503-0100N-004-2-00,4-NA-0503-0200N-017-2-00
4-NA-0503-0100N-005-2-00,4-NA-0503-0200N-018-2-00
4-NA-0503-0100N-006-2-00,4-NA-0503-0300N-019-2-00
4-NA-0503-0100N-007-2-00,4-NA-0503-0300N-020-2-00
4-NA-0503-0100N-008-2-00,4-NA-0503-0300N-021-2-00
4-NA-0503-0100N-009-2-00,4-NA-0503-0400N-022-2-00
4-NA-0503-0100N-010-2-00,4-NA-0503-0400N-023-2-00
4-NA-0503-0100N-011-2-00,4-NA-0503-0400N-024-2-00
4-NA-0503-0100N-012-2-00,4-NA-0503-0500N-025-2-00
4-NA-0503-0100N-013-2-00,4-NA-0503-0500N-026-2-00
4-NA-0503-0100N-014-2-00,4-NA-0503-0500N-027-2-00
4-NA-0504-0100N-001-2-00,4-NA-0502-0100N -028-2-00
4-NA-0504-0100N-002-2-00,4-NA-0502-0100N -029-2-00
4-NA-0504-0100N-003-2-00,4-NA-0502-0100N -030-2-00
4-NA-0504-0100N-004-2-00,4-NA-0502-0100N -031-2-00
4-NA-0504-0100N-005-2-00,4-NA-0503-0200N-032-2-00
4-NA-0504-0100N-006-2-00,4-NA-0503-0200N-033-2-00
4-NA-0501-0100N-001-3-00,4-NA-0501-0200N-001-3-00
4-NA-0501-0100N-002-3-00,4-NA-0501-0200N-002-3-00
4-NA-0501-0100N-003-3-00,4-NA-0501-0200N-003-3-00
4-NA-0501-0100N-004-3-00,4-NA-0501-0200N-004-3-00
4-NA-0502-0100N-001-3-00,3-NA-0903-0100F-005-3-00
4-NA-0502-0100N-002-3-00,3-NA-0903-0100F-006-3-00
4-NA-0502-0100N-003-3-00,4-NA-0106-0600F-007-3-00
4-NA-0502-0100N-004-3-00,4-NA-0106-0600F-008-3-00
4-NA-0502-0100N-005-3-00,4-NA-0106-0600F-009-3-00
4-NA-0502-0100N-006-3-00,4-NA-0106-0500F-010-3-00
4-NA-0502-0100N-007-3-00,4-NA-0106-0500F-011-3-00
4-NA-0502-0100N-008-3-00,4-NA-0106-0500F-012-3-00
4-NA-0502-0100N-009-3-00,4-NA-0106-0600F-013-3-00
4-NA-0503-0100N-001-3-00,4-NA-0503-0200N-014-3-00
4-NA-0503-0100N-002-3-00,4-NA-0503-0200N-015-3-00
4-NA-0503-0100N-003-3-00,4-NA-0503-0200N-016-3-00
4-NA-0503-0100N-004-3-00,4-NA-0503-0200N-017-3-00
4-NA-0503-0100N-005-3-00,4-NA-0503-0200N-018-3-00
4-NA-0503-0100N-006-3-00,4-NA-0503-0300N-019-3-00
4-NA-0503-0100N-007-3-00,4-NA-0503-0300N-020-3-00
4-NA-0503-0100N-008-3-00,4-NA-0503-0300N-021-3-00
4-NA-0503-0100N-009-3-00,4-NA-0503-0400N-022-3-00
4-NA-0503-0100N-010-3-00,4-NA-0503-0400N-023-3-00
4-NA-0503-0100N-011-3-00,4-NA-0503-0400N-024-3-00
4-NA-0503-0100N-012-3-00,4-NA-0503-0500N-025-3-00
4-NA-0503-0100N-013-3-00,4-NA-0503-0500N-026-3-00
4-NA-0503-0100N-014-3-00,4-NA-0503-0500N-027-3-00
4-NA-0504-0100N-001-3-00,4-NA-0502-0100N -028-3-00
4-NA-0504-0100N-002-3-00,4-NA-0502-0100N -029-3-00
4-NA-0504-0100N-003-3-00,4-NA-0502-0100N -030-3-00
4-NA-0504-0100N-004-3-00,4-NA-0502-0100N -031-3-00
4-NA-0504-0100N-005-3-00,4-NA-0503-0200N-032-3-00
4-NA-0504-0100N-006-3-00,4-NA-0503-0200N-033-3-00
4-NA-0702-0100N-001-1-00,4-NA-0701-0200N-001-1-00
4-NA-0702-0100N-002-1-00,4-NA-0701-0200N-002-1-00
4-NA-0702-0100N-003-1-00,4-NA-0701-0100N-003-1-00
4-NA-0702-0100N-004-1-00,4-NA-0701-0100N-004-1-00
4-NA-0702-0100N-005-1-00,4-NA-0701-0100N-005-1-00
4-NA-0702-0100N-006-1-00,4-NA-0701-0400N-006-1-00
4-NA-0702-0100N-007-1-00,4-NA-0701-0400N-007-1-00
4-NA-0702-0100N-008-1-00,4-NA-0701-0100N-008-1-00
4-NA-0702-0100N-009-1-00,4-NA-0701-0100N-009-1-00
4-NA-0702-0100N-010-1-00,4-NA-0701-0500N-010-1-00
4-NA-0702-0100N-011-1-00,4-NA-0701-0500N-011-1-00
4-NA-0702-0100N-012-1-00,4-NA-0701-0100N-012-1-00
4-NA-0702-0100N-013-1-00,4-NA-0701-0100N-013-1-00
4-NA-0702-0100N-014-1-00,4-NA-0702-0300N-014-1-00
4-NA-0702-0100N-015-1-00,4-NA-0702-0300N-015-1-00
4-NA-0702-0100N-016-1-00,4-NA-0702-0200N-016-1-00
4-NA-0702-0100N-017-1-00,4-NA-0702-0200N-017-1-00
4-NA-0701-0600N-001-1-00,4-NA-0701-0800N-018-1-00
4-NA-0701-0600N-002-1-00,4-NA-0701-0800N-019-1-00
4-NA-0701-0600N-003-1-00,4-NA-0701-0800N-020-1-00
4-NA-0701-0600N-004-1-00,4-NA-0701-0700N-021-1-00
4-NA-0701-0600N-005-1-00,4-NA-0701-0700N-022-1-00
4-NA-0704-0100N-001-1-00,4-NA-0703-0200N-023-1-00
4-NA-0704-0100N-002-1-00,4-NA-0703-0200N-024-1-00
4-NA-0704-0100N-003-1-00,4-NA-0703-0300N-025-1-00
4-NA-0704-0100N-004-1-00,4-NA-0703-0300N-026-1-00
4-NA-0704-0100N-005-1-00,4-NA-0703-0100N-027-1-00
4-NA-0704-0100N-006-1-00,4-NA-0703-0100N-028-1-00
4-NA-0704-0100N-007-1-00,4-NA-0704-0300N-029-1-00
4-NA-0704-0100N-008-1-00,4-NA-0704-0300N-030-1-00
4-NA-0704-0100N-009-1-00,4-NA-0704-0200N-031-1-00
4-NA-0704-0100N-010-1-00,4-NA-0704-0200N-032-1-00
4-NA-0703-0400N-001-1-00,4-NA-0703-0600N-033-1-00
4-NA-0703-0400N-002-1-00,4-NA-0703-0600N-034-1-00
4-NA-0703-0400N-003-1-00,4-NA-0703-0600N-035-1-00
4-NA-0703-0400N-004-1-00,4-NA-0703-0500N-036-1-00
4-NA-0703-0400N-005-1-00,4-NA-0703-0500N-037-1-00
4-NA-0705-0200N-001-1-00,4-NA-0705-0100N-038-1-00
4-NA-0705-0200N-002-1-00,4-NA-0705-0100N-039-1-00
4-NA-0705-0200N-003-1-00,4-NA-0705-0500N-040-1-00
4-NA-0705-0200N-004-1-00,4-NA-0705-0500N-041-1-00
4-NA-0705-0200N-005-1-00,4-NA-0705-0500N-042-1-00
4-NA-0705-0200N-006-1-00,4-NA-0705-0500N-043-1-00
4-NA-0705-0200N-007-1-00,4-NA-0705-0600N-044-1-00
4-NA-0705-0200N-008-1-00,4-NA-0705-0600N-045-1-00
4-NA-0705-0200N-009-1-00,4-NA-0705-0600N-046-1-00
4-NA-0705-0400N-001-1-00,4-NA-0705-0300N-047-1-00
4-NA-0705-0400N-002-1-00,4-NA-0705-0300N-048-1-00
4-NA-0705-0400N-003-1-00,4-NA-0705-0700N-049-1-00
4-NA-0705-0400N-004-1-00,4-NA-0705-0700N-050-1-00
4-NA-0705-0400N-005-1-00,4-NA-0705-0700N-051-1-00
4-NA-0705-0400N-006-1-00,4-NA-0705-0800N-052-1-00
4-NA-0705-0400N-007-1-00,4-NA-0705-0800N-053-1-00
4-NA-0706-0100N-001-1-00,4-NA-0706-0300N-054-1-00
4-NA-0706-0100N-002-1-00,4-NA-0706-0300N-055-1-00
4-NA-0706-0100N-003-1-00,4-NA-0706-0300N-056-1-00
4-NA-0706-0100N-004-1-00,4-NA-0706-0200N-057-1-00
4-NA-0706-0100N-005-1-00,4-NA-0706-0200N-058-1-00
4-NA-0707-0100N-001-1-00,4-NA-0702-0400N-059-1-00
4-NA-0707-0100N-002-1-00,4-NA-0702-0400N-060-1-00
4-NA-0707-0100N-003-1-00,4-NA-0704-0400N-061-1-00
4-NA-0707-0100N-004-1-00,4-NA-0704-0400N-062-1-00
4-NA-0707-0100N-005-1-00,4-NA-0702-0400N-063-1-00
4-NA-0707-0100N-006-1-00,4-NA-0702-0400N-064-1-00
4-NA-0707-0100N-007-1-00,4-NA-0704-0400N-065-1-00
4-NA-0707-0100N-008-1-00,4-NA-0704-0400N-066-1-00
4-NA-0707-0100N-009-1-00,4-NA-0707-0200N-067-1-00
4-NA-0707-0100N-010-1-00,4-NA-0707-0200N-068-1-00
4-NA-0707-0100N-011-1-00,4-NA-0707-0300N-069-1-00
4-NA-0707-0100N-012-1-00,4-NA-0707-0300N-070-1-00
4-NA-0702-0100N-001-2-00,4-NA-0701-0200N-001-2-00
4-NA-0702-0100N-002-2-00,4-NA-0701-0100N-002-2-00
4-NA-0702-0100N-003-2-00,4-NA-0701-0200N-003-2-00
4-NA-0702-0100N-004-2-00,4-NA-0701-0100N-004-2-00
4-NA-0702-0100N-005-2-00,4-NA-0701-0100N-005-2-00
4-NA-0702-0100N-006-2-00,4-NA-0701-0400N-006-2-00
4-NA-0702-0100N-007-2-00,4-NA-0701-0400N-007-2-00
4-NA-0702-0100N-008-2-00,4-NA-0701-0100N-008-2-00
4-NA-0702-0100N-009-2-00,4-NA-0701-0100N-009-2-00
4-NA-0702-0100N-010-2-00,4-NA-0701-0500N-010-2-00
4-NA-0702-0100N-011-2-00,4-NA-0701-0500N-011-2-00
4-NA-0702-0100N-012-2-00,4-NA-0701-0100N-012-2-00
4-NA-0702-0100N-013-2-00,4-NA-0701-0700N-013-2-00
4-NA-0702-0100N-014-2-00,4-NA-0702-0300N-014-2-00
4-NA-0702-0100N-015-2-00,4-NA-0702-0300N-015-2-00
4-NA-0702-0100N-016-2-00,4-NA-0702-0200N-016-2-00
4-NA-0702-0100N-017-2-00,4-NA-0702-0200N-017-2-00
4-NA-0701-0600N-001-2-00,4-NA-0701-0800N-018-2-00
4-NA-0701-0600N-002-2-00,4-NA-0701-0800N-019-2-00
4-NA-0701-0600N-003-2-00,4-NA-0701-0800N-020-2-00
4-NA-0701-0600N-004-2-00,4-NA-0701-0700N-021-2-00
4-NA-0701-0600N-005-2-00,4-NA-0701-0700N-022-2-00
4-NA-0704-0100N-001-2-00,4-NA-0703-0200N-023-2-00
4-NA-0704-0100N-002-2-00,4-NA-0703-0200N-024-2-00
4-NA-0704-0100N-003-2-00,4-NA-0703-0300N-025-2-00
4-NA-0704-0100N-004-2-00,4-NA-0703-0300N-026-2-00
4-NA-0704-0100N-005-2-00,4-NA-0703-0100N-027-2-00
4-NA-0704-0100N-006-2-00,4-NA-0703-0100N-028-2-00
4-NA-0704-0100N-007-2-00,4-NA-0704-0300N-029-2-00
4-NA-0704-0100N-008-2-00,4-NA-0704-0300N-030-2-00
4-NA-0704-0100N-009-2-00,4-NA-0704-0200N-031-2-00
4-NA-0704-0100N-010-2-00,4-NA-0704-0200N-032-2-00
4-NA-0703-0400N-001-2-00,4-NA-0703-0600N-033-2-00
4-NA-0703-0400N-002-2-00,4-NA-0703-0600N-034-2-00
4-NA-0703-0400N-003-2-00,4-NA-0703-0600N-035-2-00
4-NA-0703-0400N-004-2-00,4-NA-0703-0500N-036-2-00
4-NA-0703-0400N-005-2-00,4-NA-0703-0500N-037-2-00
4-NA-0705-0200N-001-2-00,4-NA-0705-0100N-038-2-00
4-NA-0705-0200N-002-2-00,4-NA-0705-0100N-039-2-00
4-NA-0705-0200N-003-2-00,4-NA-0705-0500N-040-2-00
4-NA-0705-0200N-004-2-00,4-NA-0705-0500N-041-2-00
4-NA-0705-0200N-005-2-00,4-NA-0705-0500N-042-2-00
4-NA-0705-0200N-006-2-00,4-NA-0705-0500N-043-2-00
4-NA-0705-0200N-007-2-00,4-NA-0705-0600N-044-2-00
4-NA-0705-0200N-008-2-00,4-NA-0705-0600N-045-2-00
4-NA-0705-0200N-009-2-00,4-NA-0705-0600N-046-2-00
4-NA-0705-0400N-001-2-00,4-NA-0705-0300N-047-2-00
4-NA-0705-0400N-002-2-00,4-NA-0705-0300N-048-2-00
4-NA-0705-0400N-003-2-00,4-NA-0705-0700N-049-2-00
4-NA-0705-0400N-004-2-00,4-NA-0705-0700N-050-2-00
4-NA-0705-0400N-005-2-00,4-NA-0705-0700N-051-2-00
4-NA-0705-0400N-006-2-00,4-NA-0705-0800N-052-2-00
4-NA-0705-0400N-007-2-00,4-NA-0705-0800N-053-2-00
4-NA-0706-0100N-001-2-00,4-NA-0706-0300N-054-2-00
4-NA-0706-0100N-002-2-00,4-NA-0706-0300N-055-2-00
4-NA-0706-0100N-003-2-00,4-NA-0706-0300N-056-2-00
4-NA-0706-0100N-004-2-00,4-NA-0706-0200N-057-2-00
4-NA-0706-0100N-005-2-00,4-NA-0706-0200N-058-2-00
4-NA-0707-0100N-001-2-00,4-NA-0702-0400N-059-2-00
4-NA-0707-0100N-002-2-00,4-NA-0702-0400N-060-2-00
4-NA-0707-0100N-003-2-00,4-NA-0704-0400N-061-2-00
4-NA-0707-0100N-004-2-00,4-NA-0704-0400N-062-2-00
4-NA-0707-0100N-005-2-00,4-NA-0702-0400N-063-2-00
4-NA-0707-0100N-006-2-00,4-NA-0702-0400N-064-2-00
4-NA-0707-0100N-007-2-00,4-NA-0704-0400N-065-2-00
4-NA-0707-0100N-008-2-00,4-NA-0704-0400N-066-2-00
4-NA-0707-0100N-009-2-00,4-NA-0707-0200N-067-2-00
4-NA-0707-0100N-010-2-00,4-NA-0707-0200N-068-2-00
4-NA-0707-0100N-011-2-00,4-NA-0707-0300N-069-2-00
4-NA-0707-0100N-012-2-00,4-NA-0707-0300N-070-2-00
4-NA-0702-0100N-001-3-00,4-NA-0701-0200N-001-3-00
4-NA-0702-0100N-002-3-00,4-NA-0701-0100N-002-3-00
4-NA-0702-0100N-003-3-00,4-NA-0701-0200N-003-3-00
4-NA-0702-0100N-004-3-00,4-NA-0701-0100N-004-3-00
4-NA-0702-0100N-005-3-00,4-NA-0701-0100N-005-3-00
4-NA-0702-0100N-006-3-00,4-NA-0701-0400N-006-3-00
4-NA-0702-0100N-007-3-00,4-NA-0701-0400N-007-3-00
4-NA-0702-0100N-008-3-00,4-NA-0701-0100N-008-3-00
4-NA-0702-0100N-009-3-00,4-NA-0701-0100N-009-3-00
4-NA-0702-0100N-010-3-00,4-NA-0701-0500N-010-3-00
4-NA-0702-0100N-011-3-00,4-NA-0701-0500N-011-3-00
4-NA-0702-0100N-012-3-00,4-NA-0701-0100N-012-3-00
4-NA-0702-0100N-013-3-00,4-NA-0701-0100N-013-3-00
4-NA-0702-0100N-014-3-00,4-NA-0702-0300N-014-3-00
4-NA-0702-0100N-015-3-00,4-NA-0702-0300N-015-3-00
4-NA-0702-0100N-016-3-00,4-NA-0702-0200N-016-3-00
4-NA-0702-0100N-017-3-00,4-NA-0702-0200N-017-3-00
4-NA-0701-0600N-001-3-00,4-NA-0701-0800N-018-3-00
4-NA-0701-0600N-002-3-00,4-NA-0701-0800N-019-3-00
4-NA-0701-0600N-003-3-00,4-NA-0701-0800N-020-3-00
4-NA-0701-0600N-004-3-00,4-NA-0701-0700N-021-3-00
4-NA-0701-0600N-005-3-00,4-NA-0701-0700N-022-3-00
4-NA-0704-0100N-001-3-00,4-NA-0703-0200N-023-3-00
4-NA-0704-0100N-002-3-00,4-NA-0703-0200N-024-3-00
4-NA-0704-0100N-003-3-00,4-NA-0703-0300N-025-3-00
4-NA-0704-0100N-004-3-00,4-NA-0703-0300N-026-3-00
4-NA-0704-0100N-005-3-00,4-NA-0703-0100N-027-3-00
4-NA-0704-0100N-006-3-00,4-NA-0703-0100N-028-3-00
4-NA-0704-0100N-007-3-00,4-NA-0704-0300N-029-3-00
4-NA-0704-0100N-008-3-00,4-NA-0704-0300N-030-3-00
4-NA-0704-0100N-009-3-00,4-NA-0704-0200N-031-3-00
4-NA-0704-0100N-010-3-00,4-NA-0704-0200N-032-3-00
4-NA-0703-0400N-001-3-00,4-NA-0703-0600N-033-3-00
4-NA-0703-0400N-002-3-00,4-NA-0703-0600N-034-3-00
4-NA-0703-0400N-003-3-00,4-NA-0703-0600N-035-3-00
4-NA-0703-0400N-004-3-00,4-NA-0703-0500N-036-3-00
4-NA-0703-0400N-005-3-00,4-NA-0703-0500N-037-3-00
4-NA-0705-0200N-001-3-00,4-NA-0705-0100N-038-3-00
4-NA-0705-0200N-002-3-00,4-NA-0705-0100N-039-3-00
4-NA-0705-0200N-003-3-00,4-NA-0705-0500N-040-3-00
4-NA-0705-0200N-004-3-00,4-NA-0705-0500N-041-3-00
4-NA-0705-0200N-005-3-00,4-NA-0705-0500N-042-3-00
4-NA-0705-0200N-006-3-00,4-NA-0705-0500N-043-3-00
4-NA-0705-0200N-007-3-00,4-NA-0705-0600N-044-3-00
4-NA-0705-0200N-008-3-00,4-NA-0705-0600N-045-3-00
4-NA-0705-0200N-009-3-00,4-NA-0705-0600N-046-3-00
4-NA-0705-0400N-001-3-00,4-NA-0705-0300N-047-3-00
4-NA-0705-0400N-002-3-00,4-NA-0705-0300N-048-3-00
4-NA-0705-0400N-003-3-00,4-NA-0705-0700N-049-3-00
4-NA-0705-0400N-004-3-00,4-NA-0705-0700N-050-3-00
4-NA-0705-0400N-005-3-00,4-NA-0705-0700N-051-3-00
4-NA-0705-0400N-006-3-00,4-NA-0705-0800N-052-3-00
4-NA-0705-0400N-007-3-00,4-NA-0705-0800N-053-3-00
4-NA-0706-0100N-001-3-00,4-NA-0706-0300N-054-3-00
4-NA-0706-0100N-002-3-00,4-NA-0706-0300N-055-3-00
4-NA-0706-0100N-003-3-00,4-NA-0706-0300N-056-3-00
4-NA-0706-0100N-004-3-00,4-NA-0706-0200N-057-3-00
4-NA-0706-0100N-005-3-00,4-NA-0706-0200N-058-3-00
4-NA-0707-0100N-001-3-00,4-NA-0702-0400N-059-3-00
4-NA-0707-0100N-002-3-00,4-NA-0702-0400N-060-3-00
4-NA-0707-0100N-003-3-00,4-NA-0704-0400N-061-3-00
4-NA-0707-0100N-004-3-00,4-NA-0704-0400N-062-3-00
4-NA-0707-0100N-005-3-00,4-NA-0702-0400N-063-3-00
4-NA-0707-0100N-006-3-00,4-NA-0702-0400N-064-3-00
4-NA-0707-0100N-007-3-00,4-NA-0704-0400N-065-3-00
4-NA-0707-0100N-008-3-00,4-NA-0704-0400N-066-3-00
4-NA-0707-0100N-009-3-00,4-NA-0707-0200N-067-3-00
4-NA-0707-0100N-010-3-00,4-NA-0707-0200N-068-3-00
4-NA-0707-0100N-011-3-00,4-NA-0707-0300N-069-3-00
4-NA-0707-0100N-012-3-00,4-NA-0707-0300N-070-3-00
4-NA-0802-0100F-001-1-00,3-NA-1403-0100F-001-1-00
4-NA-0802-0100F-002-1-00,3-NA-1403-0100F-002-1-00
4-NA-0802-0100F-003-1-00,4-NA-0801-0200F-003-1-00
4-NA-0802-0100F-004-1-00,4-NA-0801-0200F-004-1-00
4-NA-0802-0100F-005-1-00,4-NA-0801-0200F-005-1-00
4-NA-0802-0100F-006-1-00,4-NA-0801-0100F-006-1-00
4-NA-0802-0100F-007-1-00,4-NA-0801-0100F-007-1-00
4-NA-0802-0100F-008-1-00,4-NA-0801-0100F-008-1-00
4-NA-0802-0100F-009-1-00,4-NA-0802-0100F-009-1-00
4-NA-0802-0100F-010-1-00,4-NA-0802-0100F-010-1-00
4-NA-0803-0100N-001-1-00,4-NA-0803-0100N-011-1-00
4-NA-0803-0100N-002-1-00,4-NA-0803-0100N-012-1-00
4-NA-0803-0100N-003-1-00,4-NA-0803-0100N-013-1-00
4-NA-0803-0100N-004-1-00,4-NA-0803-0100N-014-1-00
4-NA-0803-0100N-005-1-00,4-NA-0803-0200N-015-1-00
4-NA-0803-0100N-006-1-00,4-NA-0803-0200N-016-1-00
4-NA-0803-0100N-007-1-00,4-NA-0803-0200N-017-1-00
4-NA-0805-0100N-001-1-00,4-NA-0804-0100N-018-1-00
4-NA-0805-0100N-002-1-00,4-NA-0804-0100N-019-1-00
4-NA-0805-0100N-003-1-00,4-NA-0804-0100N-020-1-00
4-NA-0805-0100N-004-1-00,4-NA-0804-0100N-021-1-00
4-NA-0805-0100N-005-1-00,4-NA-0806-0200N-022-1-00
4-NA-0805-0100N-006-1-00,4-NA-0806-0200N-023-1-00
4-NA-0805-0100N-007-1-00,4-NA-0806-0200N-024-1-00
4-NA-0805-0100N-008-1-00,4-NA-0806-0200N-025-1-00
4-NA-0805-0100N-009-1-00,4-NA-0806-0200N-026-1-00
4-NA-0805-0100N-010-1-00,4-NA-0806-0300N-027-1-00
4-NA-0805-0100N-011-1-00,4-NA-0806-0300N-028-1-00
4-NA-0802-0100F-001-2-00,3-NA-1403-0100F-001-2-00
4-NA-0802-0100F-002-2-00,3-NA-1403-0100F-002-2-00
4-NA-0802-0100F-003-2-00,4-NA-0801-0200F-003-2-00
4-NA-0802-0100F-004-2-00,4-NA-0801-0200F-004-2-00
4-NA-0802-0100F-005-2-00,4-NA-0801-0200F-005-2-00
4-NA-0802-0100F-006-2-00,4-NA-0801-0100F-006-2-00
4-NA-0802-0100F-007-2-00,4-NA-0801-0100F-007-2-00
4-NA-0802-0100F-008-2-00,4-NA-0801-0100F-008-2-00
4-NA-0802-0100F-009-2-00,4-NA-0802-0100F-009-2-00
4-NA-0802-0100F-010-2-00,4-NA-0802-0100F-010-2-00
4-NA-0803-0100N-001-2-00,4-NA-0803-0100N-011-2-00
4-NA-0803-0100N-002-2-00,4-NA-0803-0100N-012-2-00
4-NA-0803-0100N-003-2-00,4-NA-0803-0100N-013-2-00
4-NA-0803-0100N-004-2-00,4-NA-0803-0200N-014-2-00
4-NA-0803-0100N-005-2-00,4-NA-0803-0200N-015-2-00
4-NA-0803-0100N-006-2-00,4-NA-0803-0200N-016-2-00
4-NA-0805-0100N-001-2-00,4-NA-0804-0100N-017-2-00
4-NA-0805-0100N-002-2-00,4-NA-0804-0100N-018-2-00
4-NA-0805-0100N-003-2-00,4-NA-0804-0100N-019-2-00
4-NA-0805-0100N-004-2-00,4-NA-0806-0200N-020-2-00
4-NA-0805-0100N-005-2-00,4-NA-0806-0200N-021-2-00
4-NA-0805-0100N-006-2-00,4-NA-0806-0200N-022-2-00
4-NA-0805-0100N-007-2-00,4-NA-0806-0200N-023-2-00
4-NA-0805-0100N-008-2-00,4-NA-0806-0300N-024-2-00
4-NA-0805-0100N-009-2-00,4-NA-0806-0300N-025-2-00
4-NA-0802-0100F-001-3-00,3-NA-1403-0100F-001-3-00
4-NA-0802-0100F-002-3-00,3-NA-1403-0100F-002-3-00
4-NA-0802-0100F-003-3-00,4-NA-0801-0200F-003-3-00
4-NA-0802-0100F-004-3-00,4-NA-0801-0200F-004-3-00
4-NA-0802-0100F-005-3-00,4-NA-0801-0200F-005-3-00
4-NA-0802-0100F-006-3-00,4-NA-0801-0100F-006-3-00
4-NA-0802-0100F-007-3-00,4-NA-0801-0100F-007-3-00
4-NA-0802-0100F-008-3-00,4-NA-0801-0100F-008-3-00
4-NA-0802-0100F-009-3-00,4-NA-0802-0100F-009-3-00
4-NA-0802-0100F-010-3-00,4-NA-0802-0100F-010-3-00
4-NA-0803-0100N-001-3-00,4-NA-0803-0100N-011-3-00
4-NA-0803-0100N-002-3-00,4-NA-0803-0100N-012-3-00
4-NA-0803-0100N-003-3-00,4-NA-0803-0100N-013-3-00
4-NA-0803-0100N-004-3-00,4-NA-0803-0200N-014-3-00
4-NA-0803-0100N-005-3-00,4-NA-0803-0200N-015-3-00
4-NA-0803-0100N-006-3-00,4-NA-0803-0200N-016-3-00
4-NA-0805-0100N-001-3-00,4-NA-0804-0100N-017-3-00
4-NA-0805-0100N-002-3-00,4-NA-0804-0100N-018-3-00
4-NA-0805-0100N-003-3-00,4-NA-0804-0100N-019-3-00
4-NA-0805-0100N-004-3-00,4-NA-0806-0200N-020-3-00
4-NA-0805-0100N-005-3-00,4-NA-0806-0200N-021-3-00
4-NA-0805-0100N-006-3-00,4-NA-0806-0200N-022-3-00
4-NA-0805-0100N-007-3-00,4-NA-0806-0200N-023-3-00
4-NA-0805-0100N-008-3-00,4-NA-0806-0300N-024-3-00
4-NA-0805-0100N-009-3-00,4-NA-0806-0300N-025-3-00
4-NA-0201-0100F-001-1-00,4-NA-0201-0400F-001-1-00
4-NA-0201-0100F-002-1-00,4-NA-0201-0400F-002-1-00
4-NA-0201-0100F-003-1-00,4-NA-0201-0300F-003-1-00
4-NA-0201-0100F-004-1-00,4-NA-0201-0200F-004-1-00
4-NA-0201-0100F-005-1-00,4-NA-0201-0200F-005-1-00
4-NA-0201-0100F-006-1-00,4-NA-0201-0200F-006-1-00
4-NA-0202-0200F-001-1-00,4-NA-0202-0600F-007-1-00
4-NA-0202-0200F-002-1-00,4-NA-0202-0600F-008-1-00
4-NA-0202-0200F-003-1-00,4-NA-0202-0600F-009-1-00
4-NA-0202-0200F-004-1-00,4-NA-0202-0600F-010-1-00
4-NA-0202-0200F-005-1-00,4-NA-0202-0500F-011-1-00
4-NA-0202-0200F-006-1-00,4-NA-0202-0500F-012-1-00
4-NA-0202-0200F-007-1-00,4-NA-0202-0500F-013-1-00
4-NA-0202-0200F-008-1-00,4-NA-0202-0400F-014-1-00
4-NA-0202-0200F-009-1-00,4-NA-0202-0400F-015-1-00
4-NA-0202-0200F-010-1-00,4-NA-0202-0400F-016-1-00
4-NA-0202-0200F-011-1-00,4-NA-0202-0300F-017-1-00
4-NA-0202-0200F-012-1-00,4-NA-0202-0300F-018-1-00
4-NA-0203-0100F-001-1-00,4-NA-0203-0700F-019-1-00
4-NA-0203-0100F-002-1-00,4-NA-0203-0700F-020-1-00
4-NA-0203-0100F-003-1-00,4-NA-0203-0700F-021-1-00
4-NA-0203-0100F-004-1-00,4-NA-0203-0600F-022-1-00
4-NA-0203-0100F-005-1-00,4-NA-0203-0600F-023-1-00
4-NA-0203-0100F-006-1-00,4-NA-0203-0500F-024-1-00
4-NA-0203-0100F-007-1-00,4-NA-0203-0500F-025-1-00
4-NA-0203-0100F-008-1-00,4-NA-0203-0500F-026-1-00
4-NA-0203-0100F-009-1-00,4-NA-0203-0400F-027-1-00
4-NA-0203-0100F-010-1-00,4-NA-0203-0400F-028-1-00
4-NA-0203-0100F-011-1-00,4-NA-0203-0400F-029-1-00
4-NA-0203-0100F-012-1-00,4-NA-0203-0200F-030-1-00
4-NA-0203-0100F-013-1-00,4-NA-0203-0200F-031-1-00
4-NA-0204-0100N-001-1-00,4-NA-0202-0200F-032-1-00
4-NA-0204-0100N-002-1-00,4-NA-0202-0200F-033-1-00
4-NA-0204-0100N-003-1-00,4-NA-0204-0100N-034-1-00
4-NA-0204-0100N-004-1-00,4-NA-0204-0100N-035-1-00
4-NA-0204-0100N-005-1-00,4-NA-0204-0100N-036-1-00
4-NA-0204-0100N-006-1-00,4-NA-0204-0100N-037-1-00
4-NA-0201-0100F-001-2-00,4-NA-0201-0400F-001-2-00
4-NA-0201-0100F-002-2-00,4-NA-0201-0400F-002-2-00
4-NA-0201-0100F-003-2-00,4-NA-0201-0300F-003-2-00
4-NA-0201-0100F-004-2-00,4-NA-0201-0200F-004-2-00
4-NA-0201-0100F-005-2-00,4-NA-0201-0200F-005-2-00
4-NA-0201-0100F-006-2-00,4-NA-0201-0200F-006-2-00
4-NA-0202-0200F-001-2-00,4-NA-0202-0600F-007-2-00
4-NA-0202-0200F-002-2-00,4-NA-0202-0600F-008-2-00
4-NA-0202-0200F-003-2-00,4-NA-0202-0600F-009-2-00
4-NA-0202-0200F-004-2-00,4-NA-0202-0600F-010-2-00
4-NA-0202-0200F-005-2-00,4-NA-0202-0500F-011-2-00
4-NA-0202-0200F-006-2-00,4-NA-0202-0500F-012-2-00
4-NA-0202-0200F-007-2-00,4-NA-0202-0500F-013-2-00
4-NA-0202-0200F-008-2-00,4-NA-0202-0400F-014-2-00
4-NA-0202-0200F-009-2-00,4-NA-0202-0400F-015-2-00
4-NA-0202-0200F-010-2-00,4-NA-0202-0400F-016-2-00
4-NA-0202-0200F-011-2-00,4-NA-0202-0300F-017-2-00
4-NA-0202-0200F-012-2-00,4-NA-0202-0300F-018-2-00
4-NA-0203-0100F-001-2-00,4-NA-0203-0700F-019-2-00
4-NA-0203-0100F-002-2-00,4-NA-0203-0700F-020-2-00
4-NA-0203-0100F-003-2-00,4-NA-0203-0700F-021-2-00
4-NA-0203-0100F-004-2-00,4-NA-0203-0600F-022-2-00
4-NA-0203-0100F-005-2-00,4-NA-0203-0600F-023-2-00
4-NA-0203-0100F-006-2-00,4-NA-0203-0500F-024-2-00
4-NA-0203-0100F-007-2-00,4-NA-0203-0500F-025-2-00
4-NA-0203-0100F-008-2-00,4-NA-0203-0500F-026-2-00
4-NA-0203-0100F-009-2-00,4-NA-0203-0400F-027-2-00
4-NA-0203-0100F-010-2-00,4-NA-0203-0400F-028-2-00
4-NA-0203-0100F-011-2-00,4-NA-0203-0500F-029-2-00
4-NA-0203-0100F-012-2-00,4-NA-0203-0200F-030-2-00
4-NA-0203-0100F-013-2-00,4-NA-0203-0200F-031-2-00
4-NA-0204-0100N-001-2-00,4-NA-0202-0200F-032-2-00
4-NA-0204-0100N-002-2-00,4-NA-0202-0200F-033-2-00
4-NA-0204-0100N-003-2-00,4-NA-0204-0100N-034-2-00
4-NA-0204-0100N-004-2-00,4-NA-0204-0100N-035-2-00
4-NA-0204-0100N-005-2-00,4-NA-0204-0100N-036-2-00
4-NA-0204-0100N-006-2-00,4-NA-0204-0100N-037-2-00
4-NA-0201-0100F-001-3-00,4-NA-0201-0400F-001-3-00
4-NA-0201-0100F-002-3-00,4-NA-0201-0400F-002-3-00
4-NA-0201-0100F-003-3-00,4-NA-0201-0300F-003-3-00
4-NA-0201-0100F-004-3-00,4-NA-0201-0200F-004-3-00
4-NA-0201-0100F-005-3-00,4-NA-0201-0200F-005-3-00
4-NA-0201-0100F-006-3-00,4-NA-0201-0200F-006-3-00
4-NA-0202-0200F-001-3-00,4-NA-0202-0600F-007-3-00
4-NA-0202-0200F-002-3-00,4-NA-0202-0600F-008-3-00
4-NA-0202-0200F-003-3-00,4-NA-0202-0600F-009-3-00
4-NA-0202-0200F-004-3-00,4-NA-0202-0600F-010-3-00
4-NA-0202-0200F-005-3-00,4-NA-0202-0500F-011-3-00
4-NA-0202-0200F-006-3-00,4-NA-0202-0500F-012-3-00
4-NA-0202-0200F-007-3-00,4-NA-0202-0500F-013-3-00
4-NA-0202-0200F-008-3-00,4-NA-0202-0400F-014-3-00
4-NA-0202-0200F-009-3-00,4-NA-0202-0400F-015-3-00
4-NA-0202-0200F-010-3-00,4-NA-0202-0400F-016-3-00
4-NA-0202-0200F-011-3-00,4-NA-0202-0300F-017-3-00
4-NA-0202-0200F-012-3-00,4-NA-0202-0300F-018-3-00
4-NA-0203-0100F-001-3-00,4-NA-0203-0700F-019-3-00
4-NA-0203-0100F-002-3-00,4-NA-0203-0700F-020-3-00
4-NA-0203-0100F-003-3-00,4-NA-0203-0700F-021-3-00
4-NA-0203-0100F-004-3-00,4-NA-0203-0600F-022-3-00
4-NA-0203-0100F-005-3-00,4-NA-0203-0600F-023-3-00
4-NA-0203-0100F-006-3-00,4-NA-0203-0500F-024-3-00
4-NA-0203-0100F-007-3-00,4-NA-0203-0500F-025-3-00
4-NA-0203-0100F-008-3-00,4-NA-0203-0500F-026-3-00
4-NA-0203-0100F-009-3-00,4-NA-0203-0400F-027-3-00
4-NA-0203-0100F-010-3-00,4-NA-0203-0400F-028-3-00
4-NA-0203-0100F-011-3-00,4-NA-0203-0500F-029-3-00
4-NA-0203-0100F-012-3-00,4-NA-0203-0200F-030-3-00
4-NA-0203-0100F-013-3-00,4-NA-0203-0200F-031-3-00
4-NA-0204-0100N-001-3-00,4-NA-0202-0200F-032-3-00
4-NA-0204-0100N-002-3-00,4-NA-0202-0200F-033-3-00
4-NA-0204-0100N-003-3-00,4-NA-0204-0100N-034-3-00
4-NA-0204-0100N-004-3-00,4-NA-0204-0100N-035-3-00
4-NA-0204-0100N-005-3-00,4-NA-0204-0100N-036-3-00
4-NA-0204-0100N-006-3-00,4-NA-0204-0100N-037-3-00
4-NA-0601-0200F-001-1-00,4-NA-0601-0600F-001-1-00
4-NA-0601-0200F-002-1-00,4-NA-0601-0600F-002-1-00
4-NA-0601-0200F-003-1-00,4-NA-0601-0600F-003-1-00
4-NA-0601-0200F-004-1-00,4-NA-0602-0100F-004-1-00
4-NA-0601-0200F-005-1-00,4-NA-0602-0200F-005-1-00
4-NA-0601-0200F-006-1-00,4-NA-0601-0300F-006-1-00
4-NA-0601-0200F-007-1-00,4-NA-0601-0300F-007-1-00
4-NA-0601-0200F-008-1-00,4-NA-0601-0400F-008-1-00
4-NA-0601-0200F-009-1-00,4-NA-0601-0500F-009-1-00
4-NA-0601-0200F-010-1-00,4-NA-0601-0500F-010-1-00
4-NA-0601-0200F-011-1-00,4-NA-0601-0200F-011-1-00
4-NA-0601-0200F-012-1-00,4-NA-0601-0200F-012-1-00
4-NA-0601-0200F-013-1-00,4-NA-0601-0200F-013-1-00
4-NA-0601-0700F-001-1-00,4-NA-0601-1100F-014-1-00
4-NA-0601-0700F-002-1-00,4-NA-0601-1100F-015-1-00
4-NA-0601-0700F-003-1-00,4-NA-0601-1100F-016-1-00
4-NA-0601-0700F-004-1-00,4-NA-0602-0200F-017-1-00
4-NA-0601-0700F-005-1-00,4-NA-0602-0200F-018-1-00
4-NA-0601-0700F-006-1-00,4-NA-0601-0800F-019-1-00
4-NA-0601-0700F-007-1-00,4-NA-0601-0800F-020-1-00
4-NA-0601-0700F-008-1-00,4-NA-0601-0900F-021-1-00
4-NA-0601-0700F-009-1-00,4-NA-0601-0100F-022-1-00
4-NA-0601-0700F-010-1-00,4-NA-0601-0100F-023-1-00
4-NA-0601-0700F-011-1-00,4-NA-0601-0700F-024-1-00
4-NA-0601-0700F-012-1-00,4-NA-0601-0700F-025-1-00
4-NA-0601-0700F-013-1-00,4-NA-0601-0700F-026-1-00
4-NA-0603-0200F-001-1-00,4-NA-0603-0300F-027-1-00
4-NA-0603-0200F-002-1-00,4-NA-0603-0300F-028-1-00
4-NA-0603-0200F-003-1-00,4-NA-0603-0300F-029-1-00
4-NA-0603-0200F-004-1-00,4-NA-0603-0300F-030-1-00
4-NA-0603-0200F-005-1-00,4-NA-0603-0300F-031-1-00
4-NA-0603-0200F-006-1-00,4-NA-0603-0200F-032-1-00
4-NA-0603-0200F-007-1-00,4-NA-0603-0200F-033-1-00
4-NA-0603-0200F-008-1-00,4-NA-0603-0200F-034-1-00
4-NA-0603-0400F-001-1-00,4-NA-0603-0500F-035-1-00
4-NA-0603-0400F-002-1-00,4-NA-0603-0500F-036-1-00
4-NA-0603-0400F-003-1-00,4-NA-0603-0500F-037-1-00
4-NA-0603-0400F-004-1-00,4-NA-0603-0500F-038-1-00
4-NA-0603-0400F-005-1-00,4-NA-0603-0500F-039-1-00
4-NA-0603-0400F-006-1-00,4-NA-0603-0400F-040-1-00
4-NA-0603-0400F-007-1-00,4-NA-0603-0400F-041-1-00
4-NA-0603-0400F-008-1-00,4-NA-0603-0400F-042-1-00
4-NA-0601-0200F-001-2-00,4-NA-0601-0600F-001-2-00
4-NA-0601-0200F-002-2-00,4-NA-0601-0600F-002-2-00
4-NA-0601-0200F-003-2-00,4-NA-0601-0600F-003-2-00
4-NA-0601-0200F-004-2-00,4-NA-0602-0100F-004-2-00
4-NA-0601-0200F-005-2-00,4-NA-0602-0200F-005-2-00
4-NA-0601-0200F-006-2-00,4-NA-0601-0300F-006-2-00
4-NA-0601-0200F-007-2-00,4-NA-0601-0300F-007-2-00
4-NA-0601-0200F-008-2-00,4-NA-0601-0400F-008-2-00
4-NA-0601-0200F-009-2-00,4-NA-0601-0500F-009-2-00
4-NA-0601-0200F-010-2-00,4-NA-0601-0500F-010-2-00
4-NA-0601-0200F-011-2-00,4-NA-0601-0200F-011-2-00
4-NA-0601-0200F-012-2-00,4-NA-0601-0200F-012-2-00
4-NA-0601-0200F-013-2-00,4-NA-0601-0200F-013-2-00
4-NA-0601-0700F-001-2-00,4-NA-0601-1100F-014-2-00
4-NA-0601-0700F-002-2-00,4-NA-0601-1100F-015-2-00
4-NA-0601-0700F-003-2-00,4-NA-0601-1100F-016-2-00
4-NA-0601-0700F-004-2-00,4-NA-0602-0200F-017-2-00
4-NA-0601-0700F-005-2-00,4-NA-0602-0400F-018-2-00
4-NA-0601-0700F-006-2-00,4-NA-0601-0800F-019-2-00
4-NA-0601-0700F-007-2-00,4-NA-0601-0800F-020-2-00
4-NA-0601-0700F-008-2-00,4-NA-0601-0900F-021-2-00
4-NA-0601-0700F-009-2-00,4-NA-0601-0500F-022-2-00
4-NA-0601-0700F-010-2-00,4-NA-0601-0500F-023-2-00
4-NA-0601-0700F-011-2-00,4-NA-0601-0700F-024-2-00
4-NA-0601-0700F-012-2-00,4-NA-0601-0700F-025-2-00
4-NA-0601-0700F-013-2-00,4-NA-0601-0700F-026-2-00
4-NA-0603-0200F-001-2-00,4-NA-0603-0300F-027-2-00
4-NA-0603-0200F-002-2-00,4-NA-0603-0300F-028-2-00
4-NA-0603-0200F-003-2-00,4-NA-0603-0300F-029-2-00
4-NA-0603-0200F-004-2-00,4-NA-0603-0300F-030-2-00
4-NA-0603-0200F-005-2-00,4-NA-0603-0300F-031-2-00
4-NA-0603-0200F-006-2-00,4-NA-0603-0200F-032-2-00
4-NA-0603-0200F-007-2-00,4-NA-0603-0200F-033-2-00
4-NA-0603-0200F-008-2-00,4-NA-0603-0200F-034-2-00
4-NA-0603-0400F-001-2-00,4-NA-0603-0500F-035-2-00
4-NA-0603-0400F-002-2-00,4-NA-0603-0500F-036-2-00
4-NA-0603-0400F-003-2-00,4-NA-0603-0500F-037-2-00
4-NA-0603-0400F-004-2-00,4-NA-0603-0500F-038-2-00
4-NA-0603-0400F-005-2-00,4-NA-0603-0500F-039-2-00
4-NA-0603-0400F-006-2-00,4-NA-0603-0400F-040-2-00
4-NA-0603-0400F-007-2-00,4-NA-0603-0400F-041-2-00
4-NA-0603-0400F-008-2-00,4-NA-0603-0400F-042-2-00
4-NA-0601-0200F-001-3-00,4-NA-0601-0600F-001-3-00
4-NA-0601-0200F-002-3-00,4-NA-0601-0600F-002-3-00
4-NA-0601-0200F-003-3-00,4-NA-0601-0600F-003-3-00
4-NA-0601-0200F-004-3-00,4-NA-0602-0100F-004-3-00
4-NA-0601-0200F-005-3-00,4-NA-0602-0200F-005-3-00
4-NA-0601-0200F-006-3-00,4-NA-0601-0300F-006-3-00
4-NA-0601-0200F-007-3-00,4-NA-0601-0300F-007-3-00
4-NA-0601-0200F-008-3-00,4-NA-0601-0400F-008-3-00
4-NA-0601-0200F-009-3-00,4-NA-0601-0500F-009-3-00
4-NA-0601-0200F-010-3-00,4-NA-0601-0500F-010-3-00
4-NA-0601-0200F-011-3-00,4-NA-0601-0200F-011-3-00
4-NA-0601-0200F-012-3-00,4-NA-0601-0200F-012-3-00
4-NA-0601-0200F-013-3-00,4-NA-0601-0200F-013-3-00
4-NA-0601-0700F-001-3-00,4-NA-0601-1100F-014-3-00
4-NA-0601-0700F-002-3-00,4-NA-0601-1100F-015-3-00
4-NA-0601-0700F-003-3-00,4-NA-0601-1100F-016-3-00
4-NA-0601-0700F-004-3-00,4-NA-0602-0200F-017-3-00
4-NA-0601-0700F-005-3-00,4-NA-0602-0400F-018-3-00
4-NA-0601-0700F-006-3-00,4-NA-0601-0800F-019-3-00
4-NA-0601-0700F-007-3-00,4-NA-0601-0800F-020-3-00
4-NA-0601-0700F-008-3-00,4-NA-0601-0900F-021-3-00
4-NA-0601-0700F-009-3-00,4-NA-0601-0500F-022-3-00
4-NA-0601-0700F-010-3-00,4-NA-0601-0500F-023-3-00
4-NA-0601-0700F-011-3-00,4-NA-0601-0700F-024-3-00
4-NA-0601-0700F-012-3-00,4-NA-0601-0700F-025-3-00
4-NA-0601-0700F-013-3-00,4-NA-0601-0700F-026-3-00
4-NA-0603-0200F-001-3-00,4-NA-0603-0300F-027-3-00
4-NA-0603-0200F-002-3-00,4-NA-0603-0300F-028-3-00
4-NA-0603-0200F-003-3-00,4-NA-0603-0300F-029-3-00
4-NA-0603-0200F-004-3-00,4-NA-0603-0300F-030-3-00
4-NA-0603-0200F-005-3-00,4-NA-0603-0300F-031-3-00
4-NA-0603-0200F-006-3-00,4-NA-0603-0200F-032-3-00
4-NA-0603-0200F-007-3-00,4-NA-0603-0200F-033-3-00
4-NA-0603-0200F-008-3-00,4-NA-0603-0200F-034-3-00
4-NA-0603-0400F-001-3-00,4-NA-0603-0500F-035-3-00
4-NA-0603-0400F-002-3-00,4-NA-0603-0500F-036-3-00
4-NA-0603-0400F-003-3-00,4-NA-0603-0500F-037-3-00
4-NA-0603-0400F-004-3-00,4-NA-0603-0500F-038-3-00
4-NA-0603-0400F-005-3-00,4-NA-0603-0500F-039-3-00
4-NA-0603-0400F-006-3-00,4-NA-0603-0400F-040-3-00
4-NA-0603-0400F-007-3-00,4-NA-0603-0400F-041-3-00
4-NA-0603-0400F-008-3-00,4-NA-0603-0400F-042-3-00
